domestic-payments,domestic-payment-consents_{ConsentId}_funds-confirmation
domestic-payments,domestic-payment-consents_{ConsentId}
domestic-payments,domestic-payment-consents
domestic-payments,domestic-payments_{DomesticPaymentId}_payment-details
domestic-payments,domestic-payments_{DomesticPaymentId}
domestic-payments,domestic-payments
domestic-scheduled-payments,domestic-scheduled-payment-consents_{ConsentId}
domestic-scheduled-payments,domestic-scheduled-payment-consents
domestic-scheduled-payments,domestic-scheduled-payments_{DomesticScheduledPaymentId}_payment-details
domestic-scheduled-payments,domestic-scheduled-payments_{DomesticScheduledPaymentId}
domestic-scheduled-payments,domestic-scheduled-payments
domestic-standing-orders,domestic-standing-order-consents_{ConsentId}
domestic-standing-orders,domestic-standing-order-consents
domestic-standing-orders,domestic-standing-orders_{DomesticStandingOrderId}_payment-details
domestic-standing-orders,domestic-standing-orders_{DomesticStandingOrderId}
domestic-standing-orders,domestic-standing-orders
file-payments,file-payment-consents_{ConsentId}_file
file-payments,file-payment-consents_{ConsentId}
file-payments,file-payment-consents
file-payments,file-payments_{FilePaymentId}_payment-details
file-payments,file-payments_{FilePaymentId}_report-file
file-payments,file-payments_{FilePaymentId}
file-payments,file-payments
international-payments,international-payment-consents_{ConsentId}_funds-confirmation
international-payments,international-payment-consents_{ConsentId}
international-payments,international-payment-consents
international-payments,international-payments_{InternationalPaymentId}_payment-details
international-payments,international-payments_{InternationalPaymentId}
international-payments,international-payments
international-scheduled-payments,international-scheduled-payment-consents_{ConsentId}_funds-confirmation
international-scheduled-payments,international-scheduled-payment-consents_{ConsentId}
international-scheduled-payments,international-scheduled-payment-consents
international-scheduled-payments,international-scheduled-payments_{InternationalScheduledPaymentId}_payment-details
international-scheduled-payments,international-scheduled-payments_{InternationalScheduledPaymentId}
international-scheduled-payments,international-scheduled-payments
international-standing-orders,international-standing-order-consents_{ConsentId}
international-standing-orders,international-standing-order-consents
international-standing-orders,international-standing-orders_{InternationalStandingOrderPaymentId}_payment-details
international-standing-orders,international-standing-orders_{InternationalStandingOrderPaymentId}
international-standing-orders,international-standing-orders