release14.0.0,AccountReconciliation
release14.0.0,AccountRecovery
release14.0.0,AccountsReceivable
release14.0.0,AdvancedVoiceServicesManagement
release14.0.0,AdvancedVoiceServicesOperations
release14.0.0,Advertising
release14.0.0,ArchiveServices
release14.0.0,AssetAndLiabilityManagement
release14.0.0,AssetSecuritization
release14.0.0,ATMNetworkOperations
release14.0.0,BankDrafts
release14.0.0,BankGuarantee
release14.0.0,BranchCurrencyDistribution
release14.0.0,BranchCurrencyManagement
release14.0.0,BranchLocationManagement
release14.0.0,BranchLocationOperations
release14.0.0,BrandManagement
release14.0.0,BrokeredProductProxy
release14.0.0,BusinessDevelopment
release14.0.0,BusinessUnitManagement
release14.0.0,CardAuthorization
release14.0.0,CardCase
release14.0.0,CardClearing
release14.0.0,CardCollections
release14.0.0,CardeCommerceGateway
release14.0.0,CardFinancialSettlement
release14.0.0,CardNetworkParticipantFacility
release14.0.0,CardTerminalAdministration
release14.0.0,CardTerminalOperation
release14.0.0,CardTransactionCapture
release14.0.0,CardTransactionSwitch
release14.0.0,CardTransactionTracking
release14.0.0,CaseRootCauseAnalysis
release14.0.0,CashConcentration
release14.0.0,CashManagementAndAccountServices
release14.0.0,CentralCashHandling
release14.0.0,ChannelActivityAnalysis
release14.0.0,ChannelActivityHistory
release14.0.0,ChequeLockBox
release14.0.0,ChequeProcessing
release14.0.0,ClaimAdministration
release14.0.0,ClaimAssessment
release14.0.0,CollateralAllocationManagement
release14.0.0,CollateralAssetAdministration
release14.0.0,Collections
release14.0.0,CommissionAgreement
release14.0.0,Commissions
release14.0.0,CompetitorAnalysis
release14.0.0,ComplianceReporting
release14.0.0,ConsumerAdvisoryServices
release14.0.0,ConsumerInvestments
release14.0.0,ConsumerLoan
release14.0.0,ContactCenterManagement
release14.0.0,ContactCenterOperations
release14.0.0,ContactHandler
release14.0.0,ContactRouting
release14.0.0,ContractorandSupplierAgreement
release14.0.0,CorporateAction
release14.0.0,CorporateCurrentAccount
release14.0.0,CorporateFinance
release14.0.0,CorporateLease
release14.0.0,CorporateLoan
release14.0.0,CorporatePayrollServices
release14.0.0,CorporateTaxAdvisory
release14.0.0,CorporateTreasury
release14.0.0,CorporateTrustServices
release14.0.0,Correspondence
release14.0.0,CorrespondentBankDirectory
release14.0.0,CorrespondentBankRelationshipManagement
release14.0.0,CounterpartyAdministration
release14.0.0,CreditCard
release14.0.0,CreditFacility
release14.0.0,CreditManagement
release14.0.0,CreditRiskModels
release14.0.0,CreditRiskOperations
release14.0.0,CurrencyExchange
release14.0.0,CurrentAccount
release14.0.0,CustodyAdministration
release14.0.0,CustomerAccessEntitlement
release14.0.0,CustomerAgreement
release14.0.0,CustomerBehaviorInsights
release14.0.0,CustomerBehaviorModels
release14.0.0,CustomerBilling
release14.0.0,CustomerCampaignDesign
release14.0.0,CustomerCampaignExecution
release14.0.0,CustomerCampaignManagement
release14.0.0,CustomerCaseManagement
release14.0.0,CustomerCase
release14.0.0,CustomerCreditRating
release14.0.0,CustomerEventHistory
release14.0.0,CustomerFinancialInsights
release14.0.0,CustomerOffer
release14.0.0,CustomerPortfolio
release14.0.0,CustomerPosition
release14.0.0,CustomerProductandServiceDirectory
release14.0.0,CustomerProductAndServiceEligibility
release14.0.0,CustomerProposition
release14.0.0,CustomerRelationshipManagement
release14.0.0,CustomerSurveys
release14.0.0,CustomerTaxHandling
release14.0.0,CustomerWorkbench
release14.0.0,DealerDesk
release14.0.0,DelinquentAccountHandling
release14.0.0,DirectDebitMandate
release14.0.0,DirectDebit
release14.0.0,Disbursement
release14.0.0,DocumentDirectory
release14.0.0,DocumentServices
release14.0.0,eBranchManagement
release14.0.0,eBranchOperations
release14.0.0,ECMAndDCM
release14.0.0,EnterpriseArchitecture
release14.0.0,eTradingWorkbench
release14.0.0,Factoring
release14.0.0,FiduciaryAgreement
release14.0.0,FinancialAccounting
release14.0.0,FinancialGateway
release14.0.0,FinancialInstrumentReferenceDataManagement
release14.0.0,FinancialInstrumentValuation
release14.0.0,FinancialMarketAnalysis
release14.0.0,FinancialMarketResearch
release14.0.0,FinancialStatementAssessment
release14.0.0,FraudDiagnosis
release14.0.0,FraudEvaluation
release14.0.0,FraudModel
release14.0.0,FraudResolution
release14.0.0,FuneralPolicy
release14.0.0,GuidelineCompliance
release14.0.0,HedgeFundAdministration
release14.0.0,IncentiveAccount
release14.0.0,IncentiveProgramDirectory
release14.0.0,InformationProviderOperation
release14.0.0,IntellectualPropertyPortfolio
release14.0.0,InteractiveHelp
release14.0.0,InterbankRelationshipManagement
release14.0.0,InternalAudit
release14.0.0,InternalBankAccount
release14.0.0,InvestmentAccount
release14.0.0,InvestmentPortfolioAnalysis
release14.0.0,InvestmentPortfolioManagement
release14.0.0,InvestmentPortfolioPlanning
release14.0.0,IssuedCertificateDirectory
release14.0.0,IssuedDeviceAdministration
release14.0.0,IssuedDeviceTracking
release14.0.0,ITStandardsAndGuidelines
release14.0.0,KnowledgeExchange
release14.0.0,LeadandOpportunityManagement
release14.0.0,LeasingItemAdministration
release14.0.0,Leasing
release14.0.0,LegalAdvisory
release14.0.0,LegalCompliance
release14.0.0,LegalEntityDirectory
release14.0.0,LetterofCredit
release14.0.0,LoanSyndication
release14.0.0,Loan
release14.0.0,LocationDataManagement
release14.0.0,ManagementManual
release14.0.0,MarketAnalysis
release14.0.0,MarketDataSwitchOperation
release14.0.0,MarketInformationManagement
release14.0.0,MarketMaking
release14.0.0,MarketOrderExecution
release14.0.0,MarketOrder
release14.0.0,MarketResearch
release14.0.0,MerchandisingLoan
release14.0.0,MerchantAcquiringFacility
release14.0.0,MerchantRelations
release14.0.0,MergersandAcquisitionsAdvisory
release14.0.0,MortgageLoan
release14.0.0,MutualFundAdministration
release14.0.0,NotionalPooling
release14.0.0,OpenItemManagement
release14.0.0,OperationalGateway
release14.0.0,OperationsLog
release14.0.0,OrderAllocation
release14.0.0,PartnerAdministration
release14.0.0,PartnerAgreement
release14.0.0,PartnerManagement
release14.0.0,PartyAssetDirectory
release14.0.0,PartyAuthentication
release14.0.0,PartyLifecycleManagement
release14.0.0,PartyReferenceDataDirectory
release14.0.0,PartyRoutingProfile
release14.0.0,PaymentOrderInitiation
release14.0.0,PaymentRail
release14.0.0,PointofService
release14.0.0,PositionKeeping
release14.0.0,PositionManagement
release14.0.0,PrivatePlacement
release14.0.0,ProcessingOrder
release14.0.0,ProductCombination
release14.0.0,ProductDeployment
release14.0.0,ProductDesign
release14.0.0,ProductDirectory
release14.0.0,ProductExpertSalesSupport
release14.0.0,ProductInventoryDistribution
release14.0.0,ProductInventoryItemManagement
release14.0.0,ProductionRelease
release14.0.0,ProductMatching
release14.0.0,ProductPortfolio
release14.0.0,ProductQualityAssurance
release14.0.0,ProductSalesSupport
release14.0.0,ProductServiceAgency
release14.0.0,ProductTraining
release14.0.0,ProgramTrading
release14.0.0,ProjectFinance
release14.0.0,PromotionalEvents
release14.0.0,ProspectCampaignDesign
release14.0.0,ProspectCampaignExecution
release14.0.0,ProspectCampaignManagement
release14.0.0,PublicOffering
release14.0.0,PublicReferenceDataManagement
release14.0.0,QuoteManagement
release14.0.0,Readme.md
release14.0.0,RegulatoryAndLegalAuthority
release14.0.0,RegulatoryCompliance
release14.0.0,RegulatoryReporting
release14.0.0,RewardPointsAccount
release14.0.0,RewardPointsAwardsAndRedemption
release14.0.0,RewardsDelivery
release14.0.0,RewardsInventory
release14.0.0,RewardsMenu
release14.0.0,SalesProductAgreement
release14.0.0,SalesProduct
release14.0.0,SavingsAccount
release14.0.0,SecuritiesFailsProcessing
release14.0.0,SecuritiesPositionKeeping
release14.0.0,SegmentDirection
release14.0.0,ServiceDirectory
release14.0.0,ServiceProviderOperations
release14.0.0,ServicingActivityAnalysis
release14.0.0,ServicingEventHistory
release14.0.0,ServicingIssue
release14.0.0,ServicingMandate
release14.0.0,ServicingOrder
release14.0.0,SessionDialogue
release14.0.0,SpecialPricingConditions
release14.0.0,StandingOrder
release14.0.0,StockLendingandRepos
release14.0.0,SubCustodianAgreement
release14.0.0,SuitabilityChecking
release14.0.0,SyndicatedLoan
release14.0.0,SyndicateManagement
release14.0.0,SystemDevelopment
release14.0.0,SystemsAdministration
release14.0.0,TermDepositFrameworkAgreement
release14.0.0,TermDeposit
release14.0.0,TradeandPriceReporting
release14.0.0,TradeClearing
release14.0.0,TradeConfirmationMatching
release14.0.0,TraderPositionOperations
release14.0.0,TradeSettlement
release14.0.0,TradingBookOversight
release14.0.0,TransactionAuthorization
release14.0.0,TransactionEngine
release14.0.0,TrustServices
release14.0.0,Underwriting
release14.0.0,UnitTrustAdministration
release14.0.0,VirtualAccount
