party,party-routing-profile
party,legal-entity-directory
external-agency,information-provider-administration
external-agency,syndicate-management
external-agency,interbank-relationship-management
external-agency,correspondent-bank-relationship
external-agency,management
external-agency,correspondent-bank-directory
external-agency,sub-custodian-agreement
external-agency,product-service-agency
external-agency,product-broker-agreement
external-agency,contractor-supplier-agreement
market-data,information-provider-operation
market-data,market-information-management
market-data,financial-market-analysis
market-data,financial-market-research
market-data,quant-model
market-data,market-data-switch-administration
market-data,market-data-switch-operation
market-data,financial-instrument-reference-data
market-data,management
market-data,counterparty-administration
market-data,public-reference-data-management
market-data,location-data-management
product-management,product-design
product-management,product-deployment
product-management,product-training
product-management,product-quality-assurance
product-management,discount-pricing
product-management,product-directory
product-management,special-pricing-conditions
loans-deposits,loan
loans-deposits,leasing
loans-deposits,current-account
loans-deposits,corporate-current-account
loans-deposits,consumer-loan
loans-deposits,corporate-loan
loans-deposits,term-deposit
loans-deposits,corporate-lease
loans-deposits,merchandising-loan
loans-deposits,mortgage-loan
loans-deposits,fiduciary-agreement
loans-deposits,savings-account
loans-deposits,virtual-account
loans-deposits,standing-order
loans-deposits,term-deposit-framework-agreement
investment-management,investment-portfolio-planning
investment-management,investment-portfolio-analysis
investment-management,investment-portfolio-management
investment-management,etrading-workbench
investment-management,investment-account
trade-banking,letter-of-credit
trade-banking,bank-guarantee
trade-banking,credit-management
trade-banking,credit-facility
trade-banking,project-finance
trade-banking,limit-exposure-management
trade-banking,syndicated-loan
trade-banking,cash-management-account
trade-banking,services
trade-banking,direct-debit-mandate
trade-banking,direct-debit
trade-banking,cheque-lock-box
trade-banking,factoring
trade-banking,cash-concentration
trade-banking,notional-pooling
trade-banking,corporate-payroll-services
wholesale-trading,trading-book-oversight
wholesale-trading,trading-models
wholesale-trading,dealer-desk
wholesale-trading,quote-management
wholesale-trading,suitability-checking
wholesale-trading,credit-risk-operations
wholesale-trading,market-making
wholesale-trading,ecm-dcm
wholesale-trading,program-trading
wholesale-trading,trader-position-operations
wholesale-trading,market-order
wholesale-trading,market-order-execution
cards,credit-card
cards,card-authorization
cards,card-transaction-capture
cards,merchant-relations
cards,merchant-acquiring-facility
cards,card-network-participant-facility
cards,credit-card-position-keeping
market-operations,mutual-fund-administration
market-operations,hedge-fund-administration
market-operations,unit-trust-administration
market-operations,trade-confirmation-matching
market-operations,order-allocation
market-operations,securities-fails-processing
market-operations,trade-price-reporting
market-operations,custody-administration
market-operations,corporate-action
market-operations,financial-instrument-valuation
market-operations,trade-clearing
market-operations,trade-settlement
corporate-financing-advisory-services,public-offering
corporate-financing-advisory-services,private-placement
corporate-financing-advisory-services,mergers-acquisitions-advisory
corporate-financing-advisory-services,corporate-tax-advisory
corporate-financing-advisory-services,corporate-finance
consumer-services,corporate-trust-services
consumer-services,currency-exchange
consumer-services,bank-drafts
consumer-services,brokered-product
consumer-services,consumer-investments
consumer-services,customer-tax-handling
consumer-services,consumer-advisory-services
consumer-services,trust-services
payments,payment-order
payments,payment-execution
payments,financial-message-analysis
payments,financial-gateway
payments,central-cash-handling
payments,card-financial-settlement
payments,card-ecommerce-gateway
payments,card-clearing
payments,ach-operations
payments,cheque-processing
payments,payment-instruction
payments,correspondent-bank-operations
account-management,reward-points-account
account-management,product-combination
account-management,position-management
account-management,position-keeping
account-management,fraud-evaluation
account-management,fraud-diagnosis
account-management,customer-position
account-management,counterparty-risk
account-management,accounts-receivable
account-management,account-reconciliation
account-management,securities-position-keeping
account-management,transaction-engine
operational-services,reward-points-awards-redemption
operational-services,open-item-management
operational-services,leasing-item-administration
operational-services,issued-device-tracking
operational-services,issued-device-administration
operational-services,disbursement
operational-services,delinquent-account-handling
operational-services,channel-activity-history
operational-services,channel-activity-analysis
operational-services,card-transaction-switch
operational-services,card-collections
operational-services,customer-billing
operational-services,internal-bank-account
operational-services,processing-order
collateral-administration,collections
collateral-administration,collateral-asset-administration
collateral-administration,collateral-allocation-management
collateral-administration,party-asset-directory
bank-portfolio-treasury,stock-lending-repos
bank-portfolio-treasury,corporate-treasury-analysis
bank-portfolio-treasury,corporate-treasury
bank-portfolio-treasury,bank-portfolio-analysis
bank-portfolio-treasury,bank-portfolio-administration
bank-portfolio-treasury,asset-securitization
bank-portfolio-treasury,asset-liability-management
business-analysis,market-analysis
business-analysis,contribution-analysis
business-analysis,competitor-analysis
business-analysis,channel-portfolio
business-analysis,branch-portfolio
business-analysis,segment-direction
business-analysis,customer-portfolio
business-analysis,product-portfolio
business-analysis,market-research
regulations-compliance,regulatory-reporting
regulations-compliance,regulatory-compliance
regulations-compliance,guideline-compliance
regulations-compliance,fraud-resolution
regulations-compliance,financial-accounting
regulations-compliance,compliance-reporting
regulations-compliance,financial-statement-assessment
models,contribution-models
models,operational-risk-models
models,production-risk-models
models,credit-margin-management
models,business-risk-models
models,customer-behavior-models
models,economic-capital
models,credit-risk-models
models,financial-instrument-valuation-models
models,market-risk-models
models,liquidity-risk-models
models,gap-analysis
models,fraud-model
it-management,systems-operations
it-management,systems-assurance
it-management,systems-administration
it-management,system-development
it-management,system-deployment
it-management,production-release
it-management,platform-operations
it-management,it-systems-direction
it-management,it-standards-guidelines
it-management,internal-network-operation
it-management,development-environment
it-management,systems-help-desk
it-management,operational-gateway
enterprise-services,security-assurance
enterprise-services,security-advisory
enterprise-services,procurement
enterprise-services,legal-compliance
enterprise-services,internal-audit
enterprise-services,fixed-asset-register
enterprise-services,company-billing-payments
enterprise-services,approved-supplier-directory
enterprise-services,legal-advisory
buildings-equipment-facilities,utilities-administration
buildings-equipment-facilities,site-operations
buildings-equipment-facilities,site-administration
buildings-equipment-facilities,property-portfolio
buildings-equipment-facilities,equipment-maintenance
buildings-equipment-facilities,equipment-administration
buildings-equipment-facilities,building-maintenance
business-commcontrol,business-unit-management
business-commcontrol,business-unit-financial-analysis
business-commcontrol,business-unit-direction
business-commcontrol,business-unit-accounting
business-commcontrol,business-unit-financial-operations
business-commcontrol,organization-direction
finance,financial-statements
finance,financial-control
finance,financial-compliance
finance,enterprise-tax-administration
human-resource-management,workforce-training
human-resource-management,travel-expenses
human-resource-management,recruitment
human-resource-management,human-resources-direction
human-resource-management,employee-contractor-contract
human-resource-management,employee-payroll-incentives
human-resource-management,employee-evaluation
human-resource-management,employee-data-management
human-resource-management,employee-certification
human-resource-management,employee-benefits
human-resource-management,employee-assignment
human-resource-management,employee-access
knowledge-intellectual-property,management
knowledge-intellectual-property,management-manual
knowledge-intellectual-property,knowledge-exchange
knowledge-intellectual-property,intellectual-property-portfolio
knowledge-intellectual-property,
knowledge-intellectual-property,corporate-relations
knowledge-intellectual-property,regulatory-legal-authority
knowledge-intellectual-property,investor-relations
knowledge-intellectual-property,corporate-relationship
knowledge-intellectual-property,corporate-communications
knowledge-intellectual-property,corporate-alliance-stake-holder
corporate-strategy,corporate-policies
corporate-strategy,continuity-planning
corporate-strategy,enterprise-architecture
corporate-strategy,products-services-direction
document-management-archive,document-directory
document-management-archive,correspondence
document-management-archive,archive-services
document-management-archive,document-services
channel-specific,branch-location-management
channel-specific,contact-center-management
channel-specific,branch-network-management
channel-specific,ebranch-management
channel-specific,advanced-voice-services-management
channel-specific,atm-network-management
channel-specific,contact-center-operations
channel-specific,branch-location-operations
channel-specific,ebranch-operations
channel-specific,advanced-voice-services-operations
channel-specific,atm-network-operations
channel-specific,branch-currency-management
channel-specific,branch-currency-distribution
channel-specific,product-inventory-item-management
channel-specific,product-inventory-distribution
channel-specific,card-terminal-administration
channel-specific,card-terminal-operation
marketing,business-development
marketing,brmanagement
marketing,advertising
marketing,promotional-events
marketing,prospect-campaign-design
marketing,customer-campaign-management
marketing,customer-campaign-design
marketing,customer-surveys
cross-channel,party-authentication
cross-channel,transaction-authorization
cross-channel,point-of-service
cross-channel,servicing-event-history
cross-channel,contact-routing
cross-channel,session-dialogue
cross-channel,interactive-help
cross-channel,contact-handler
cross-channel,customer-workbench
cross-channel,servicing-activity-analysis
cross-channel,service-directory
servicing,servicing-issue
servicing,customer-case-management
servicing,case-root-cause-analysis
servicing,customer-case
servicing,card-case
servicing,servicing-order
servicing,servicing-mandate
servicing,payment-initiation
servicing,loan-syndication
sales,prospect-campaign-execution
sales,party-lifecycle-management
sales,lead-opportunity-management
sales,customer-campaign-execution
sales,customer-offer
sales,sales-planning
sales,underwriting
sales,commission-agreement
sales,commissions
sales,product-matching
sales,product-expert-sales-support
sales,product-sales-support
sales,sales-product
customer-management,customer-relationship-management
customer-management,customer-product-service-eligibility
customer-management,customer-agreement
customer-management,sales-product-agreement
customer-management,customer-access-entitlement
customer-management,customer-behavior-insights
customer-management,customer-credit-rating
customer-management,account-recovery
customer-management,customer-event-history
customer-management,party-reference-data-directory
customer-management,customer-proposition
customer-management,customer-product-service-directory